GrLivArea,OverallQual,GarageCars,TotalBsmtSF,YearBuilt,LotArea,SalePrice
1748,7,3,1345,1966,13195,384687
1430,1,0,1083,1966,14357,226925
1823,8,2,556,1962,7251,383016
2261,3,1,1077,1966,7489,349837
1382,6,3,1444,1987,9578,370196
1382,9,3,856,1994,10922,393154
2289,6,1,1179,1955,8426,408946
1883,9,2,745,1984,14056,415840
1265,7,0,958,1963,11272,328313
1771,9,0,1326,2021,10118,421614
1268,2,3,1065,2010,5692,275648
1267,8,1,1386,1964,6052,350931
1620,8,3,1127,2003,10843,417740
543,2,1,1665,1976,3602,208948
637,4,0,530,1962,13037,210153
1218,7,2,934,1980,9525,333941
993,4,1,674,1984,19729,311943
1657,4,0,695,2009,16923,344519
1045,6,3,697,1955,9455,306762
793,10,1,1050,2018,9680,359976
2232,6,2,1067,2007,12986,440149
1387,10,3,1128,1998,15109,436787
1533,3,3,663,1972,5085,289093
787,9,0,902,1983,4640,296246
1227,10,1,710,1975,8133,357012
1555,2,3,1280,1996,11748,271739
924,6,2,738,1954,11490,284199
1687,7,1,935,1969,13209,356600
1199,9,2,1168,1955,6400,375150
1354,3,3,815,2019,3051,298662
1199,10,2,1208,2008,12574,388473
2426,3,0,1478,2013,7515,379201
1493,7,2,1056,1967,3944,326816
971,4,1,1270,1953,10435,265251
1911,8,2,377,1966,12379,391312
889,7,2,871,1963,9633,312383
1604,5,0,1055,1962,8626,296358
520,7,2,684,1956,9521,259672
835,3,2,1062,1993,8888,232460
1598,2,3,1317,1964,5955,306782
1869,6,3,436,1968,7855,365093
1585,2,1,643,2012,11563,297653
1442,3,3,1055,1984,10965,310964
1349,6,3,1138,1984,10504,356289
760,5,3,1221,1968,7014,299523
1140,8,3,1033,1969,9455,346323
1269,9,0,1138,1984,3468,346675
2028,3,3,1271,1981,10535,345648
1671,10,0,875,1997,14286,398978
618,3,0,817,1993,5577,203071
1662,3,3,949,1973,8242,330973
1307,6,2,1059,2010,10987,344459
1161,1,0,802,1966,13758,213917
1805,7,2,881,2020,8655,392036
2015,1,2,1119,1999,7923,312094
1965,5,3,1047,2014,4093,388220
1080,10,1,944,1981,10310,338381
1345,8,3,477,1985,16126,390876
1665,4,1,998,1962,10832,300822
1987,5,1,708,2019,9933,380394
1260,4,3,1294,2007,10966,311002
1407,4,3,907,1963,9966,316234
946,8,1,701,1986,7560,319909
901,2,3,981,2017,12469,275711
1906,1,1,1381,1989,10677,294847
2178,3,2,1189,2008,10052,377757
1463,9,3,1065,1965,7073,367890
2001,4,2,602,2011,13910,362668
1680,10,0,1486,1953,11994,419909
1177,5,2,813,1994,8341,314182
1680,2,2,1280,1977,13005,312537
2269,4,1,902,2015,8507,363471
1482,2,2,1251,1980,7653,296079
2282,2,3,1392,1952,7720,351050
190,4,1,1194,1957,4686,149087
1910,6,0,1226,1973,11414,375647
1543,7,3,970,1964,4506,353188
1350,10,0,869,1992,6314,385734
1545,3,2,1041,1980,3773,275946
506,3,3,898,2022,9741,200251
1390,10,3,1740,1994,9549,438684
1678,6,0,702,2015,9019,350211
2238,3,3,1300,1957,6872,334923
1240,2,3,1155,2020,6483,277138
1095,8,3,1068,2006,11393,411754
1249,5,2,1443,1979,8348,314821
1957,1,0,1089,2023,10949,323592
1664,3,3,809,1967,7344,295818
1235,10,1,1087,2018,10543,365141
1756,8,1,945,1988,13909,393094
1548,4,1,1150,2009,11758,327371
1984,7,1,1243,1992,8762,393535
1148,10,2,742,1994,10771,375922
1336,2,3,1358,1972,9278,291140
1303,7,0,923,2018,10023,338724
768,5,3,1133,1955,9023,252015
1648,5,2,1185,2005,9506,366194
1630,6,1,1110,1953,10636,307231
1502,9,2,967,1972,7019,348452
1382,6,3,853,1955,6952,333641
792,8,0,919,1981,5834,295703
1289,7,2,1469,1967,5199,340227
1328,9,0,740,1964,6348,312204
1098,4,2,784,1989,10478,271197
1419,2,0,771,2022,7321,263350
1702,7,0,1040,2023,11540,358001
2443,6,1,542,1955,10104,373322
1587,1,0,593,2012,4094,258722
1628,9,1,921,2016,11964,431207
1462,9,3,613,1960,12432,373922
540,2,3,638,1992,7018,218723
1486,3,1,615,1966,11260,244139
1530,5,1,746,1953,7430,306031
2731,5,2,1219,2012,10293,439576
1403,1,2,1286,2017,6206,286342
1650,8,2,1575,1990,4620,394773
1482,8,3,1564,1954,8851,404988
915,4,2,1235,1981,9628,261889
2071,7,0,1308,2019,8806,421446
1875,10,0,1039,1984,6447,406871
1895,3,2,1155,1971,8800,326975
1045,6,0,1583,2014,10807,321946
2201,10,3,1111,1971,9865,456954
799,10,0,1345,1960,10547,330152
1793,9,3,719,1952,7989,396048
2595,1,1,800,1958,13515,341248
1004,5,1,1093,2009,6471,291819
1216,4,1,1044,1963,11462,289993
1549,8,1,814,1967,13545,377782
1248,1,0,1722,2022,11442,259624
724,9,2,1051,1972,9392,337265
1534,6,0,867,2023,8415,324264
968,4,3,1045,1996,13108,306823
1736,9,0,1007,2018,5731,408848
1040,5,0,1056,1996,7089,248388
2274,5,3,521,1979,8807,386058
1108,5,1,1387,1974,13712,297646
1338,1,1,1404,1977,11139,248556
1906,1,1,1441,1974,7095,317162
884,8,2,1097,2023,9069,338462
1613,8,3,1198,2007,8157,397698
2153,6,3,740,1990,7870,401315
696,4,0,1249,1974,12936,251305
1592,2,2,1075,1997,5884,292753
1629,2,1,861,1959,14826,297797
1890,9,2,1259,2024,12484,463902
881,5,3,1271,1960,13272,262480
839,4,3,1018,1970,8611,256939
1760,10,0,1131,1994,9550,407402
1648,1,0,690,1956,5700,239130
1625,7,3,1372,2013,8426,365139
1673,3,1,730,2013,11480,353435
1159,6,1,788,1951,13888,302601
1616,5,2,1018,1991,6678,340909
1646,5,3,1334,2003,8903,388729
1142,5,3,1334,2024,9546,377626
2432,1,1,998,1965,5812,331685
1736,1,1,1231,1967,11774,297090
904,3,3,493,2008,7828,258726
1828,10,0,784,1965,9413,393963
1012,4,3,790,1955,8644,257311
1893,5,3,1375,2006,7631,378560
2079,2,1,1196,1996,9978,324850
1089,8,1,1055,1997,9353,320717
1981,2,0,1084,1991,8884,308129
1706,9,0,1470,2009,7814,385437
1911,2,2,948,1953,10958,307599
2448,9,3,605,1951,14960,458865
1377,7,1,1326,2008,10419,366982
1123,8,0,1054,1976,12988,322604
1055,2,2,1286,1976,5829,293790
1092,7,2,986,2021,10473,368787
1461,6,1,748,1956,6707,287065
1670,4,1,1120,2012,5569,332831
1638,7,2,1003,1995,7781,365071
1913,4,0,1055,2012,13575,337622
1506,2,2,1484,1961,12850,276098
2226,10,3,670,1962,10729,462121
1367,7,3,1085,1992,5401,348491
2860,8,1,754,1966,9411,472759
1812,2,0,222,2012,10905,299336
1071,5,0,985,1985,10526,299390
964,1,3,1009,1957,4468,202040
1741,7,2,1187,2018,7329,405678
1388,8,1,934,1985,9807,365660
1857,6,2,553,1977,11608,354753
1736,5,2,753,1996,3411,324715
1463,6,2,1395,1979,9513,376558
1076,2,0,749,1972,10429,223820
742,1,3,1474,1965,12548,240715
1276,7,0,1314,1963,12078,314824
1928,7,3,904,2023,11747,408064
1607,10,1,781,2020,7600,403648
877,10,1,1314,2001,4275,351769
1586,2,2,927,1986,8820,274366
1692,2,3,536,1978,13004,301300
1058,1,3,1168,2016,14180,250712
1576,10,3,1125,1964,12131,404291
1529,8,2,1341,1996,11288,408189
928,8,2,1104,1995,11138,351192
1678,1,1,835,2001,8331,270573
1780,8,0,1380,1968,9609,366751
2041,9,3,1410,1970,15007,445182
2026,4,3,1069,2013,7172,374394
811,1,0,1018,1986,14844,217775
1031,1,3,603,1976,9033,240559
1757,3,2,817,2004,13976,327574
1756,5,2,1228,1978,5779,330575
1757,5,3,832,1969,11757,357551
3426,9,2,562,1974,7789,511164
1785,10,2,2048,2019,5754,462474
2067,2,3,560,2012,10655,364349
1977,2,1,1677,1985,13028,354432
1825,6,0,907,1951,7465,331009
1342,9,2,974,1971,5502,344005
1879,1,1,798,1965,9724,279378
1113,9,2,1234,1967,9737,374973
1381,9,2,568,2018,11644,384173
1257,9,0,447,2003,12848,371432
1540,5,2,1483,1979,9821,366223
2657,9,0,758,1994,15566,498387
566,4,0,1223,1968,10672,226892
1843,2,0,674,1983,8960,290890
693,6,1,1212,1962,5165,279342
1264,4,3,1505,1992,9212,332404
2044,6,1,841,2011,8990,379711
1532,3,3,419,1971,12880,289661
961,6,3,1506,2001,11387,343912
1142,2,0,1277,2001,6461,228733
1839,2,2,857,1985,10516,309213
1134,9,0,934,2022,12014,380216
1608,7,2,666,1968,14584,328919
1522,3,3,1426,1987,12662,356381
1174,1,0,839,2019,12282,259989
2571,8,2,574,2006,10180,454363
1816,6,1,1064,1969,11164,367178
487,7,2,741,1958,13748,267733
1593,9,0,690,1981,6001,379091
1169,5,1,870,1953,8951,288762
1926,1,2,1025,1999,7682,288692
1103,10,2,585,1954,11137,358872
1442,7,2,1415,1969,13690,366605
1752,5,2,1203,2024,8209,375910
1932,3,2,890,1986,2829,308995
899,9,1,728,1971,8763,343008
1332,1,3,973,2007,12740,300330
1262,1,1,1269,2017,11612,259657
1173,1,1,1223,1993,11284,229578
2382,3,1,1317,1983,9160,364104
1702,6,3,855,1991,6162,371151
869,10,0,122,1958,11545,303873
1958,3,3,1374,1956,7497,359650
2561,8,1,949,2017,16552,491802
2016,10,2,1199,1968,11711,464215
740,2,2,1500,1980,8258,240618
1257,9,1,1730,1984,8165,359950
2133,3,2,805,2006,9721,354296
1146,5,1,1040,2010,9281,322343
1721,10,2,1410,1980,13350,440907
1887,8,3,746,2002,10559,428004
1036,2,0,825,1981,7805,213958
1470,6,0,823,2015,15671,330684
-120,5,3,991,2008,10147,222573
987,10,3,933,1959,12306,370697
1373,9,1,821,1951,8175,336484
876,5,1,710,2015,11089,277522
2316,2,1,1243,2009,10933,349844
784,5,2,1401,1966,4331,283200
1279,4,1,1444,1965,16045,300813
1565,7,3,855,1965,13871,392883
2220,6,0,1256,1995,8808,418327
782,2,2,1070,1988,6693,225830
2081,5,1,828,1980,11042,348277
1505,7,2,1220,1950,10260,321231
1009,7,2,815,1960,11067,285223
1731,5,1,887,1953,10574,302130
1599,9,2,586,2020,11518,429213
1199,4,0,860,1975,14341,274639
1534,3,3,1076,1999,11704,333752
1307,4,3,1470,1961,6851,274555
1556,5,0,893,2024,14087,323474
1831,6,2,688,2014,14921,402268
2293,3,1,1449,1996,19456,398123
881,2,2,848,2002,6629,232969
2566,4,0,475,2020,10728,394458
523,5,2,1039,1951,3753,250552
1424,4,3,902,1973,11659,312482
1794,3,2,1690,1953,8355,328470
1640,8,0,1142,1968,15770,378888
1188,10,3,956,1975,7676,417453
1395,4,2,722,2024,4932,278633
1253,2,2,1099,1989,8586,280130
1205,2,3,1437,1999,4073,280433
1924,1,1,1093,1992,12253,315717
1678,4,3,745,2024,3804,331337
1153,10,1,1161,2016,10085,389505
1949,9,0,985,1961,3766,394173
1653,7,0,1134,2016,9039,419031
1906,10,3,893,1976,14930,464250
1814,7,3,886,2003,11081,392641
1085,7,0,874,2015,7409,308981
1219,8,1,1282,1998,9906,352990
1873,1,0,889,1965,10054,242183
1805,10,3,862,1951,11417,418642
1489,10,0,717,2009,5899,392920
1558,8,3,1136,2003,11777,389660
2138,4,3,1093,1979,1886,377829
1204,4,0,865,1987,8110,274306
1773,4,1,787,1977,8535,305006
1398,6,2,1562,1974,11899,352375
1391,7,0,435,1959,10067,327938
2049,6,2,1147,2009,5783,410399
1912,1,0,1387,1991,7045,294291
1906,8,2,-16,1989,10596,379126
2152,10,1,1238,1991,9762,460473
1510,7,1,933,1996,8262,345637
1840,6,0,1076,1986,8557,323022
1344,6,3,903,1971,12088,369918
1662,5,2,1322,2006,8446,364841
1434,6,3,1108,1976,9735,356402
1548,9,3,1039,1990,16509,422159
1797,10,3,730,1983,5728,412589
1090,9,1,1564,1981,4444,350719
2546,10,0,1002,2015,12350,466949
996,8,0,1686,1961,7964,355844
892,10,1,1578,1989,9045,347772
2079,9,1,466,2022,7656,411132
1895,10,0,803,2022,9220,423526
1812,8,3,688,1959,14795,419011
1814,8,2,985,1997,12406,413199
1493,1,2,1056,1969,12586,252249
1051,10,2,1068,1988,5751,385437
1537,5,3,1316,2009,6546,370997
1161,4,0,1448,2015,1482,289860
1987,2,1,1290,2014,7571,345538
1426,8,0,831,2000,12870,395665
1087,3,3,765,1985,11550,308286
1339,4,1,1000,1973,9335,276989
1706,7,3,1127,1976,9933,412514
1218,10,2,945,1951,7933,367903
1088,9,2,596,1980,10614,353634
1621,2,3,1204,2006,12297,303009
1622,3,1,882,2015,5152,301468
1246,4,1,873,1978,10898,269473
1264,10,0,983,1964,12797,375624
1616,1,2,928,1961,8754,281194
775,7,0,890,1977,12102,250286
796,2,0,615,1973,18443,210185
1140,5,3,966,1970,9686,321379
1393,1,3,1210,1959,11179,266797
1655,3,0,1079,1967,7785,294775
2237,2,2,1284,1963,10543,350333
1928,1,3,781,1983,11380,317054
1420,7,0,616,2007,10584,332678
1490,5,0,926,1971,6940,278111
998,1,0,815,2019,10619,208205
1490,6,0,846,1985,14386,341492
1355,5,0,1063,1994,11345,310271
1661,3,0,849,1985,12885,294542
1086,7,3,624,1971,9288,313317
1759,10,2,832,2010,12249,435600
2266,9,0,1102,2005,10837,464217
1445,9,1,1201,1982,7147,371895
1700,9,3,1198,1994,10955,410734
1845,2,3,1127,1985,7024,334112
1299,3,0,949,1969,8101,250018
1612,7,3,1121,1967,10567,377694
1506,5,0,987,1987,10891,339485
1548,2,2,1033,2016,6432,300385
1113,3,2,718,1972,13161,267239
1512,10,3,1013,1965,11716,394598
1748,6,3,1113,2008,7885,384704
2225,7,1,1102,2018,5387,429976
1979,9,3,613,2017,9565,421009
2576,1,1,1028,1970,8662,342256
1116,7,2,566,2019,10339,337949
1936,8,2,1052,1961,8910,400379
1591,3,0,789,1965,3977,276961
2594,4,2,1511,1963,8834,412034
1095,10,1,1035,2010,9083,398987
1080,6,3,1240,2020,11900,337496
1200,10,0,1633,1995,7905,385338
438,7,1,754,1981,15036,269499
1237,4,3,1130,1964,4265,272351
1120,8,0,644,1993,13933,342630
1575,5,2,1103,1966,9327,365614
1670,1,1,1529,1990,12578,299370
2438,4,3,811,2003,10239,413923
1975,3,0,734,1993,13418,324623
1211,9,0,972,1954,8837,320010
1050,8,2,1613,1976,6704,321486
1745,1,3,1231,1992,14261,310465
839,6,2,728,1980,9659,262398
2415,9,2,1436,1966,10664,496169
2089,7,3,503,2003,13704,419391
1265,4,3,1640,2011,6904,329519
643,1,3,1256,1981,11786,236529
2176,2,1,1529,1989,8230,329083
1442,5,3,505,1962,9603,299213
2118,5,0,1050,1984,10216,364393
702,8,2,959,1954,5499,303359
1200,6,1,697,2022,7663,325761
1502,8,3,611,1978,14053,384320
1523,2,1,1152,2019,12658,307387
1274,3,3,1179,1974,9812,299917
1811,6,1,1389,1971,10729,371532
966,10,2,848,2015,9117,358004
1428,3,2,957,1994,14069,308779
1560,6,0,585,2018,9398,319040
1757,6,0,1462,2021,10695,382526
1855,2,3,1020,1950,13438,308666
937,7,2,1216,1993,7667,361364
732,2,1,1227,2024,14676,251123
2138,6,1,1437,1988,5408,372902
1666,1,1,750,2003,14888,285043
1125,3,0,1209,2024,8881,283822
2275,2,1,992,1978,9271,359402
1557,7,0,1631,2003,4329,354806
2089,4,0,749,1965,8635,300623
1533,8,3,1351,1969,6880,398682
2530,6,1,1105,1995,8177,403695
2377,10,1,1089,2016,9588,478463
1375,4,2,1016,2014,12873,324361
1985,5,3,1403,2007,10622,404589
1822,9,2,1079,2002,10923,441313
2184,7,3,542,1950,6713,379151
1017,10,1,1365,2015,7357,375418
1843,9,0,1310,1978,15396,416317
2029,7,0,1176,2019,7794,404931
620,1,0,661,1957,14968,169333
908,8,0,708,1978,9270,302960
480,4,0,436,2000,10006,219149
1365,3,2,1138,1982,13211,306651
1858,7,3,595,1952,13815,386923
2251,3,1,484,2009,9667,324700
1537,8,2,1382,1984,8835,389843
2314,6,3,1230,2018,9832,452876
809,5,0,900,1969,11013,259180
648,4,3,959,2022,12673,271570
1472,8,3,277,1988,10012,355208
1692,8,0,1275,1953,11856,360210
1483,1,0,792,1968,14915,254276
466,9,0,1099,1994,11143,315044
1455,5,1,253,1992,10934,295746
847,4,0,1293,1962,5443,247055
1834,6,1,774,1962,2107,332006
1683,6,0,587,2009,11165,342215
1030,2,1,898,2006,9715,243599
1243,8,3,821,2001,8455,377679
970,7,2,1322,2002,10730,344603
1468,1,3,873,1992,9818,313403
1977,5,3,1408,2021,13383,404882
1007,6,0,1099,2021,10258,317317
1752,4,1,1268,1991,7759,326279
1234,2,2,999,1975,12970,254090
1103,4,0,1381,1972,9348,269202
1446,1,0,653,1992,11579,246488
982,7,0,1034,1977,8567,338986
1223,2,3,881,1958,8050,251607
901,2,1,1418,1969,10252,217671
2482,9,1,1449,2005,10038,488701
1517,5,2,1000,1988,11439,307118
1150,2,1,612,2000,9194,242368
1606,9,1,1128,1961,4490,372040
1443,9,0,500,2004,8701,371761
1389,1,0,1487,1960,12381,265096
1807,3,3,858,1975,9107,318460
1878,4,0,990,1991,9260,326700
1234,7,0,795,1976,12959,304996
1212,10,0,729,1960,7864,322637
1362,4,0,1221,1987,5371,289480
349,2,3,952,1992,9518,187412
742,7,0,1012,1968,8547,264594
2183,6,2,698,2013,7101,386354
2322,3,2,1256,1955,9473,368131
1375,6,2,1287,1995,11474,381079
1788,6,2,937,1991,9972,352070
1655,5,0,1380,2014,10920,324844
3039,4,2,968,2021,15440,466666
2059,10,0,1233,2008,8971,448887
1436,1,3,513,2001,10835,275719
1022,10,2,1106,1996,8472,368189
696,6,1,918,1956,7460,248130
1601,2,2,1046,1960,8245,286462
1121,3,2,1033,2010,8563,298402
788,8,0,1037,2017,11078,290480
1176,10,2,1184,1974,17047,390159
959,6,1,830,1961,7851,276029
2343,3,0,1170,1975,8750,333770
1940,7,0,1369,1961,9810,402357
1496,4,3,576,1992,11187,310802
2239,9,3,765,2000,10790,463030
1538,5,2,778,1986,13852,345424
1069,3,3,672,1995,2720,249750
2261,2,3,857,2002,2839,320569
1769,2,3,1309,1962,8512,307384
981,3,0,1434,2003,13291,285023
1404,2,0,1031,2006,5303,256802
1062,4,0,902,1953,977,212777
808,2,3,1240,2024,11713,286151
1963,10,0,290,1998,10730,406238
2454,9,3,683,1956,6729,440615
800,2,0,303,1960,7043,174417
1781,9,0,680,2003,7090,400121
1174,6,1,769,1994,10331,345377
1256,1,2,1443,1972,8121,268420
1203,4,3,171,1977,11482,295231
1068,1,1,874,2006,1436,209942
1524,6,0,1185,1975,7429,309439
1084,4,3,1123,1974,6621,286586
1635,3,0,1438,2003,9230,315507
1474,3,2,1048,1978,8385,278952
1380,9,1,1112,1985,12393,378416
1046,6,2,448,1963,4421,278451
1211,9,1,703,1984,10136,355647
1877,5,0,465,1979,11675,334524
1750,2,2,1171,1966,15569,318632
1011,8,2,1104,2016,8554,346502
1549,5,0,1094,1979,10973,310477
1875,2,2,735,1994,4588,285241
665,4,3,708,2000,2824,271859
1771,9,1,1062,1996,12534,416809
1168,4,1,799,2002,9983,280003
1785,4,1,693,2013,13535,328228
1118,2,3,847,1987,5879,299142
597,6,1,801,2013,11559,260308
686,2,0,739,1956,15606,184829
1524,7,2,632,1971,11259,355135
1629,3,3,1134,1990,10829,340001
1047,3,1,1466,2023,10025,303658
1819,5,0,988,1959,5287,342348
669,3,2,1066,2006,14066,264224
1466,2,2,1160,1956,8167,255573
894,10,3,1109,1999,11513,378461
1174,9,3,745,2001,5310,372007
1523,2,3,1515,1982,6461,337235
1069,2,0,772,1950,14305,196322
1307,8,0,1194,2002,8958,372334
2003,9,3,1159,2009,14359,470926
1211,7,1,412,1983,9765,322837
1917,3,2,892,1953,4474,304038
935,9,2,1016,1966,12676,330995
1764,3,0,1039,1953,8230,296513
2220,5,2,1090,1992,12096,410308
264,9,1,1227,1953,10075,289160
1101,3,2,997,1950,5370,243530
1788,7,0,1106,2020,10492,378206
1398,1,0,986,1999,16588,240714
1685,4,1,694,2022,11478,346866
1198,4,1,1009,2010,9827,302122
1543,7,2,1224,1984,13226,364125
1422,8,2,1332,1957,10632,360405
2083,1,0,1161,1973,10628,292224
1627,5,1,1400,1985,6725,315865
1668,7,1,1125,1999,10701,365826
1294,4,1,1259,1992,13106,291494
1256,4,2,1281,1976,7491,290704
1283,4,1,932,1981,14273,283565
1697,6,0,1217,1967,9724,315812
1289,7,0,717,1977,7336,338140
1644,2,2,1104,1978,12992,323412
2537,5,3,1173,1965,9139,407242
1935,4,2,1315,1996,12278,375892
1336,3,3,1246,2008,9124,322769
2100,7,1,1319,1980,9820,425076
1295,6,2,970,1953,11480,304880
480,7,0,896,1986,10872,276405
995,5,1,917,1966,4013,249917
564,6,0,1079,1988,6636,229724
1324,5,1,457,1997,12788,314568
1509,7,2,1399,1995,9603,398757
2338,2,3,1013,1997,8428,406604
1663,5,1,875,1988,5924,307142
1390,6,3,241,1953,6760,313933
1914,6,1,988,1979,3934,348980
394,5,0,940,1979,9696,230362
1617,10,0,730,1971,8204,356110
1885,7,1,798,2024,7100,371998
760,10,3,992,2015,9795,361011
2071,8,2,823,1961,11091,409236
1669,7,2,1171,1985,16279,384091
1292,5,0,775,1967,5464,280923
1816,1,2,1046,2002,13478,330019
2635,5,0,1354,2020,12919,446251
1590,10,2,989,1950,7662,416475
1624,2,1,1106,2007,10609,309055
1270,5,0,1087,1955,8627,260710
1075,5,0,1002,2019,10557,317124
1915,2,1,979,1993,14527,314046
1071,5,0,828,2021,11816,308308
1535,4,2,1045,1973,11525,342306
1261,1,2,915,1968,8709,246598
1739,3,0,1463,1967,5547,275161
1666,1,2,1243,1979,9374,275044
2018,5,3,564,1991,13619,400939
1244,4,0,580,1982,5418,251219
1365,7,1,960,2023,6834,354361
1010,5,3,881,1961,10378,299868
1277,10,0,945,1976,7046,368046
1688,4,1,1195,1988,7622,329315
1878,2,2,1094,1958,8729,301387
1038,4,1,1091,1970,5903,252885
1934,2,3,1433,1978,7077,348732
2177,8,2,583,1982,12110,430173
1706,3,0,1031,2011,6077,301204
2438,9,2,826,1964,5206,458463
1113,4,0,1430,1951,8109,256722
877,6,0,337,2001,12195,257385
610,10,1,350,1993,9409,298233
2248,5,1,1091,2003,8606,376600
1827,10,1,1337,1967,10133,420949
1472,1,3,1231,1952,4762,278719
1639,9,3,759,1956,11484,382781
937,1,1,1451,1992,11150,239617
2722,8,3,630,1987,8772,462853
1564,9,2,1392,1986,13017,412009
1554,9,2,670,2007,6617,368503
1862,1,3,894,1982,13383,310237
1740,2,3,1191,2008,10463,331950
1611,1,2,560,1960,8990,261764
1104,10,0,1440,2017,9940,388249
1735,2,2,892,2017,9678,300440
2441,10,2,1041,1971,13660,500592
2172,8,3,1348,2015,6769,463392
2296,5,2,762,1993,7712,391439
1244,7,3,1318,1955,13108,352638
1005,2,3,1492,1991,8213,264319
1437,8,1,803,1974,12701,359719
1527,6,2,1410,2006,15098,389789
2047,8,0,471,2004,8794,366274
653,1,1,1116,1965,12044,184226
2264,1,3,631,1963,6538,310801
1420,7,3,1282,1988,12264,384430
1286,8,0,1258,1977,10598,363215
993,3,3,1623,2000,11419,289391
672,5,2,1426,1998,8063,274196
1911,1,1,950,1958,5016,262723
1536,7,3,675,2007,11509,367625
855,5,3,1169,1994,3809,282880
852,8,0,981,1971,9047,307746
1332,8,2,1465,1981,12823,365848
2334,9,3,350,2018,10575,473787
1370,7,0,1656,2018,15845,354441
748,1,3,1159,1991,13075,227839
1377,3,0,756,2002,8038,264973
1363,8,0,1220,2008,10081,389924
151,3,2,1389,2023,9857,220841
1472,8,3,1034,1988,5253,345267
1384,1,2,470,1964,7178,201192
1848,5,0,911,2020,8317,352314
2424,4,1,1311,1978,3891,384238
2063,5,3,1148,1952,10142,381395
1365,8,1,953,1959,9252,343307
946,10,3,1392,1978,4981,388835
2786,4,2,1221,1984,11212,420840
1529,4,2,1244,1955,12147,329857
1506,3,2,876,1961,10681,264141
1487,7,2,847,1987,9027,342349
1599,3,2,490,1968,11774,263062
1427,3,1,922,2016,12040,299777
1213,10,2,1280,1957,10922,380090
1226,5,0,938,1957,7526,271483
1483,5,0,1133,1996,10829,323216
1228,6,1,1333,1953,13586,302988
1143,8,3,1111,2000,8210,363336
1553,10,0,1141,2016,16293,401594
1372,6,3,592,1994,8423,356814
2251,1,1,903,1957,10097,301309
174,8,3,1517,1965,7982,275560
2045,8,3,1031,2016,10669,472702
2123,9,3,1569,1958,4773,426822
463,9,3,783,2009,8361,304868
1328,2,1,1070,2020,6723,260342
1314,2,0,885,1964,10406,238463
796,3,2,1177,2020,12983,281430
1111,1,3,1268,1990,11938,276891
944,4,0,1180,1971,2885,275769
2376,4,0,1312,1973,16126,349450
1967,9,1,996,1993,10885,434641
2135,9,0,942,1950,7670,391043
1860,9,1,472,1959,10471,374605
935,10,3,1191,2021,10528,387789
1237,7,3,1051,2005,7999,345356
1744,2,2,979,1999,10593,339843
888,10,2,942,1961,8177,353788
1856,5,2,988,2009,8786,370539
1379,4,0,929,1975,7941,296837
1312,8,3,841,1990,5701,338904
1855,2,1,1071,1985,10437,288943
1722,6,2,1145,1972,11755,333950
1319,5,1,768,1992,11544,297156
2079,2,1,879,1955,12459,312533
959,10,2,938,2018,10973,382348
1807,1,3,1001,1992,8401,309632
1796,8,2,961,1974,12518,378380
1345,2,1,1197,1967,5927,265911
1663,7,2,504,2011,7297,371848
874,9,1,557,1962,7107,312839
1962,9,1,1058,1992,13240,402788
1407,8,2,819,1977,12828,370958
1238,10,0,1265,1967,11461,350595
2024,9,2,1350,2008,13215,456890
1147,2,0,1070,2009,7362,256099
795,6,1,678,2012,11045,288396
721,4,1,1316,2006,9624,251634
1803,4,0,1059,2000,12540,336184
859,5,1,553,2005,9654,244144
2377,3,0,580,1976,8845,350504
459,1,0,1455,1981,11622,181034
2348,8,1,1405,1958,12628,456024
1605,5,3,244,2017,7994,332310
1451,3,0,592,1995,9816,263118
1227,10,2,1342,2016,6824,393605
1699,7,2,994,1975,2505,371392
1481,7,1,1210,1957,10601,333840
2051,1,3,981,1955,11826,324330
1557,9,1,1196,1973,10786,382775
1575,2,3,1001,1997,4151,268192
1318,5,0,868,1994,8947,287819
1471,5,0,1317,1962,3344,277191
1653,8,0,1060,2018,14109,396766
644,8,0,1195,1974,6741,264995
825,7,2,1047,1969,13766,323331
1871,7,2,854,2015,12837,407107
1585,6,1,1482,2023,7298,369692
1408,6,3,1106,1994,6601,360860
1509,9,0,893,1996,11051,392070
1673,6,0,1383,2012,7467,360962
1230,2,3,603,2004,10307,262535
1110,2,3,1670,2024,8551,276392
1597,5,1,946,1968,4656,299161
1010,4,3,619,1984,3308,253727
1704,2,0,1571,2002,10680,312415
648,3,0,861,1975,8315,196622
2014,7,0,1072,1963,8340,381778
1736,8,0,1215,1994,12087,382309
1628,6,0,1355,1993,13520,358574
1991,5,1,1089,2014,9182,395073
2332,1,0,805,2000,8978,323793
2007,8,1,1065,1992,11500,415609
579,3,0,874,1972,5929,181368
860,6,2,1074,2005,10669,300359
1187,3,2,1488,1968,11655,274150
1513,7,2,1226,2004,12040,375784
1758,7,2,1061,2009,4189,396682
1137,9,1,1221,2008,7715,363691
1593,5,1,1243,1982,7365,310213
1122,8,3,676,1968,10299,366160
1194,10,0,1012,1977,11442,367063
796,10,2,1768,2001,14490,370095
1038,8,1,1363,1998,8515,338332
824,1,0,848,1986,8507,193037
1012,5,0,819,1975,13449,295496
2026,3,1,809,1989,10889,316006
1025,1,2,1259,1987,13802,265514
2816,4,3,1482,2003,10866,478964
1746,8,0,1174,1971,6528,359026
1592,3,3,1047,1965,6000,299107
1070,10,2,866,1977,5345,340225
1850,2,2,1098,1984,11986,318860
1212,9,3,753,2009,13565,390631
1561,10,2,419,1994,15548,420440
2780,5,0,1491,1995,12529,456040
1451,7,3,698,2021,13488,373274
2074,2,2,902,2004,8259,306988
1148,9,3,1196,1975,6530,367961
1482,9,0,1430,1974,12550,387963
2385,4,2,1077,2014,11253,411357
1186,4,0,641,1955,10322,242353
2406,6,2,909,1972,11162,414945
1853,10,1,796,2013,10969,458289
1218,10,2,988,1992,13851,401508
1816,10,3,1369,1972,13884,449517
1986,6,2,238,1979,11632,356281
1810,1,0,876,1967,12537,267106
714,9,0,854,1970,11542,325375
1136,2,2,622,2006,8616,252022
1376,5,3,1175,1972,12269,335571
1462,9,1,575,1994,5816,355607
1810,4,3,610,1993,13161,367406
1588,3,1,1255,1996,6416,334919
832,7,0,1450,1989,10857,313033
1690,6,3,977,2000,7464,375679
1805,8,1,634,1991,11660,387791
1779,3,2,788,1956,9898,267991
2040,5,0,1302,1999,5215,373367
1916,10,2,1034,1997,11262,452336
1729,4,0,969,1955,8266,302847
1464,4,3,1093,1958,12643,308524
669,4,3,988,2006,10003,265399
1714,10,0,1463,1980,11186,412216
1603,8,0,775,1970,7127,361068
1635,6,0,740,1989,8232,323282
861,3,3,584,1994,8624,281887
959,10,1,838,1998,12570,367462
2026,5,2,672,1969,15032,347668
1480,6,2,1065,1966,7584,331589
1840,5,3,1006,1977,13230,362564
1514,6,2,676,1990,3490,295464
1514,8,0,1176,2015,6417,395726
1969,7,1,1455,1974,7123,402963
1241,5,2,1107,2007,5942,325872
1548,10,1,236,1990,5249,373899
1268,6,0,1596,1955,11238,293565
1282,4,2,1224,2024,9357,317739
1345,9,3,1586,1987,11138,423582
1611,4,1,1327,1955,12071,299563
1260,1,0,1387,1994,10796,213025
2127,7,1,1061,2024,11973,424529
1052,7,2,921,1963,9791,310745
1406,4,2,1112,2015,6439,323251
1280,3,3,787,1989,13173,307783
2223,8,0,1130,1952,8232,408768
1598,5,0,211,1973,7193,288937
2015,10,3,1012,1968,9466,467424
757,7,3,1403,1967,7261,287887
1633,4,0,1028,2013,8747,328042
1944,4,1,1518,1984,11032,369522
1541,8,1,920,2011,11045,364876
2032,8,3,1300,1950,7306,393628
1241,2,1,736,1974,8536,229242
2204,2,0,1288,1994,13222,333480
2649,3,2,1069,1998,11489,417269
1318,3,2,934,1965,16225,279191
1277,1,1,227,1968,13540,207204
2226,3,3,923,1972,13432,359459
2289,6,3,1064,1974,5836,425491
1238,8,3,1248,1965,12291,368757
1289,10,3,1468,2003,9840,420651
1359,6,3,1610,2022,8347,378063
827,5,1,1373,1950,10504,282738
1040,4,2,831,1991,12835,273062
997,3,2,908,1968,11502,273736
1116,4,1,1221,1983,7364,280295
1482,7,3,1155,2004,12227,387257
1617,1,1,1488,1967,8087,311187
2275,7,2,1743,1983,10650,431255
1000,1,0,1680,1994,9089,230272
1992,2,1,1448,1955,9343,295499
1393,4,3,1158,1970,12298,335062
1475,1,2,1404,2019,6879,318715
1837,9,2,1498,1997,15835,477118
938,6,2,955,1988,4536,310121
1691,1,2,840,1980,8206,273927
1583,1,3,769,1959,11110,265951
1746,6,0,737,1979,11752,314726
1644,4,2,585,1967,9698,337504
2727,4,1,1074,2009,9827,426568
1181,6,0,700,2022,11231,306562
1234,7,2,764,1964,9306,342172
1188,9,0,1210,1953,14179,331606
1222,10,1,1054,2012,12518,401515
1181,5,2,1128,1989,12618,315466
2094,9,1,1409,1958,7101,432572
2210,4,3,1259,1958,9761,377138
1214,10,2,1455,1975,9098,369702
1083,2,2,1023,1953,6983,233929
1735,3,2,1483,1965,11080,343682
1223,1,2,1107,1964,8387,239385
1816,6,3,1050,2001,11966,407838
1601,6,2,1438,2018,6789,363115
742,1,0,738,1954,15157,178420
2273,3,2,1607,1969,7311,359804
2397,5,3,915,1967,10657,415228
1193,3,2,634,1951,12375,255182
1306,10,0,1196,1962,8288,373287
1642,3,3,886,1953,12557,325869
1667,10,3,1607,1991,6312,455068
1829,3,0,870,2023,14356,336728
2505,5,0,1094,2010,10042,393330
1411,5,0,572,1957,8210,274918
1100,4,0,1243,2016,9102,278497
810,1,0,766,2012,12426,203471
1134,5,3,1207,1958,8246,296803
1483,10,3,871,1960,7751,380573
2397,5,2,385,1991,9335,358119
1241,4,2,1039,1962,6469,269365
1611,6,1,1025,1985,15461,360952
1491,10,2,1264,1962,8300,379577
2094,4,2,1466,1961,12494,372223
2763,7,0,1573,1986,10628,490990
1234,7,0,1259,2023,7046,357427
1255,2,2,1083,2022,9982,313507
2022,3,1,571,2001,12352,339960
1840,1,0,1060,2020,9435,315382
2423,8,2,1064,1951,13579,432558
1791,9,2,940,2005,13064,420442
1320,4,3,1189,2009,12756,295194
1795,6,1,1336,1972,8621,379714
2054,9,3,754,1989,6760,458064
1910,6,1,749,2013,8159,364790
1753,9,0,958,1972,10588,382346
2033,4,1,815,1978,11637,333056
2084,8,2,507,2000,3485,409639
2191,9,2,701,2018,9975,472133
1824,4,1,630,1980,10474,294626
1416,5,1,1362,1999,9167,338115
1573,8,1,1510,1969,13873,384235
2103,10,3,671,2004,11265,469600
1091,6,1,1163,1951,13930,307414
1684,7,0,1262,1974,9352,355460
1303,3,3,552,1962,12812,275870
1514,7,3,1048,2019,14905,398661
2139,8,1,1760,2016,13935,479344
1595,10,0,1203,2007,6723,411917
1523,6,3,926,2024,9238,378404
820,10,2,831,2013,8964,340893
1873,9,3,393,2018,11467,427885
1822,6,1,1141,2008,12059,396588
2581,9,0,1584,2009,7483,484031
1346,4,1,755,2011,10203,311128
1609,8,2,419,1965,3940,373167
1624,4,2,800,2017,14325,361649
2288,2,2,1264,1964,8462,346281
1452,10,1,871,2004,10167,391959
1639,9,3,753,1984,9071,365548
1803,5,1,1005,2004,13438,360740
1593,4,0,1068,1963,1487,274063
1276,2,3,583,1998,9950,279325
1597,1,2,934,1956,9682,260835
2036,7,1,850,1979,8639,380352
986,6,2,807,1998,15178,290755
1566,2,2,694,1965,7338,254176
1149,8,0,1282,2000,12315,357159
2097,4,3,806,2021,11068,415314
738,8,0,401,1991,13784,287675
1220,7,0,1079,1966,7998,313883
1688,5,0,1217,2012,7801,357439
2282,10,2,761,1994,13288,461802
1467,10,0,832,1956,11275,373372
1222,8,0,805,1976,5365,304532
2440,9,3,896,1959,8382,471316
775,5,3,1332,1983,11159,298049
400,10,0,965,1985,12513,307952
1720,5,3,1251,1974,7962,346315
1248,2,3,709,1955,1257,246729
989,5,0,884,1973,11569,296548
1854,3,2,1286,1967,6339,307959
1621,7,0,758,1955,3947,312717
1217,10,3,1303,1978,1503,386930
859,5,2,811,1974,12441,286728
1936,8,1,903,2004,10385,401346
1825,1,2,1501,1995,9323,274680
1450,3,3,869,1973,14167,327291
2423,3,2,1043,2024,11911,412359
964,9,0,1184,1975,14848,313691
737,5,1,1067,1977,5821,241998
1154,9,1,1076,1952,9896,363914
1477,9,1,983,2024,5149,411664
1621,1,3,609,1987,9311,294151
1379,2,3,1104,2010,9254,299306
1676,5,1,780,2000,11879,342482
874,4,2,1232,1997,10136,278688
2221,10,1,1411,1970,11870,480673
1458,9,2,458,2003,12110,372962
2058,7,2,1412,2005,16464,430341
1671,6,3,876,2008,9054,392222
1728,7,2,960,2021,7176,391226
1784,1,1,726,2000,10738,306653
1723,1,3,1056,1969,7593,279133
1821,8,0,1020,2008,14445,403348
2164,2,0,1323,2020,9150,332273
1598,10,3,777,1958,8303,401866
1854,9,1,1498,1950,8586,383253
1455,7,0,1199,1978,12155,338365
2220,6,0,1027,2012,9526,376918
1161,1,2,945,2021,8074,268286
2400,1,2,908,2005,14996,372480
1479,2,1,927,2017,7431,258538
784,6,3,1050,1984,10106,321440
1564,6,1,937,1952,11956,365603
1159,2,3,807,1956,5105,240830
1920,1,0,1052,1976,11440,276423
1173,10,2,749,1950,6834,392342
1276,5,1,1096,2020,12468,310111
555,5,1,933,1993,7112,243415
1273,2,3,1209,1990,12078,294960
288,6,3,1296,2024,13317,315731
708,9,1,1296,1991,12584,341584
1880,2,3,1095,1982,10753,323276
1892,10,1,1130,1999,9306,424104
1712,2,1,903,2012,8270,296462
1016,3,1,1203,1986,14413,254092
1476,7,0,1237,2008,7901,355709
1498,6,3,529,1997,6888,334523
920,8,2,1113,1954,11996,300571
2251,8,2,1410,1997,7611,469929
1938,6,3,893,1952,7149,359662
1389,10,1,827,1996,5669,361245
1513,3,2,874,2011,8551,307338
1604,3,2,548,1963,9751,286787
479,1,3,1037,2012,10729,190690
1376,7,2,1008,2010,12853,376000
1159,5,1,1059,1980,11580,281942
999,4,3,1124,1966,9427,306159
1359,10,1,760,1973,9405,379689
2398,4,2,1081,1972,11530,382331
1820,4,2,1132,1999,13817,350516
1214,6,1,853,2019,10378,326391
1786,8,0,1126,1976,8592,386035
